name,age,weight,height,breed
MBNJH,1,13,30,BRITISH
MDAPz,1,7,31,SIBERIAN
LSpfE,1,11,39,MUNCHKIN
oLmIF,1,3,19,MUNCHKIN
otIJE,1,1,11,MAINE_COON
azats,1,13,31,MUNCHKIN
Ebxzz,1,6,39,MUNCHKIN
wqLVW,1,11,19,BRITISH
WweGO,1,14,32,MAINE_COON
MTUuh,1,8,27,BRITISH
EYtoe,1,5,18,MUNCHKIN
xkbRC,1,8,14,BRITISH
wyUTJ,1,5,32,BRITISH
jVguT,1,6,22,MAINE_COON
laOXo,1,7,18,MAINE_COON
tXZtt,1,2,10,PERSIAN
BPQyb,1,14,21,MUNCHKIN
mMusM,1,5,15,MAINE_COON
KCgUl,1,4,35,SIBERIAN
jfLnl,1,13,31,SIBERIAN
WkBKi,1,7,26,BRITISH
xFnVu,1,3,31,SIBERIAN
hSfCn,1,2,38,MAINE_COON
cINkV,1,13,30,PERSIAN
tgZMc,1,12,12,PERSIAN
KJIHH,1,1,14,MUNCHKIN
LWrMp,1,3,32,BRITISH
nnvUm,1,12,20,MAINE_COON
nDlsj,1,11,22,PERSIAN
aIfdS,1,13,24,MAINE_COON
nvYdV,1,14,38,SIBERIAN
LDglc,1,12,34,PERSIAN
Sam,1,2,16,BRITISH
yvuDS,1,5,32,MUNCHKIN
DKWBk,1,6,26,BRITISH
hJVCW,1,7,37,PERSIAN
zmwfK,1,7,22,MUNCHKIN
GcTjH,1,4,32,BRITISH
ajwkJ,1,7,22,PERSIAN
DIBEV,1,0,29,BRITISH
JroBQ,1,10,32,MUNCHKIN
zRsNl,1,6,19,PERSIAN
wuRKs,1,5,26,BRITISH
kifJI,1,13,34,MAINE_COON
pInav,2,1,30,MUNCHKIN
VOtNc,2,10,27,BRITISH
John,2,8,34,BRITISH
eiiFq,2,0,24,MAINE_COON
WrpoY,2,5,37,PERSIAN
ynlQD,2,10,24,MUNCHKIN
WnLjo,2,0,35,MAINE_COON
ARtBC,2,5,12,BRITISH
dGqFb,2,13,26,MAINE_COON
kHAnK,2,11,21,BRITISH
uPWFs,2,3,25,MAINE_COON
JJKUe,2,13,36,MUNCHKIN
beAkY,2,14,34,MAINE_COON
OlEwH,2,12,26,MAINE_COON
WMogz,2,7,25,SIBERIAN
gZFsK,2,4,12,MUNCHKIN
PoLgJ,2,5,11,PERSIAN
smsGz,2,13,10,BRITISH
PCtFO,2,7,35,BRITISH
qnMPA,2,4,29,BRITISH
uwnMn,2,9,35,BRITISH
NEHfB,2,0,17,PERSIAN
JqRyU,2,12,34,BRITISH
ITOhH,2,9,31,BRITISH
rTbuH,2,4,39,MAINE_COON
sEtqG,2,0,35,MAINE_COON
QhJmO,2,10,11,PERSIAN
wyevd,2,12,31,BRITISH
ezjeJ,2,2,27,SIBERIAN
eRdxF,2,13,26,MUNCHKIN
AtAkf,2,12,17,MUNCHKIN
MGhNL,2,13,25,MUNCHKIN
KDyyc,2,0,34,SIBERIAN
xuAQC,2,3,10,MUNCHKIN
esxKH,2,14,29,SIBERIAN
qCuql,2,5,32,SIBERIAN
ajdie,2,13,21,BRITISH
sxwaN,2,3,12,MUNCHKIN
TxFvg,2,6,35,MUNCHKIN
YnxNZ,2,1,27,BRITISH
hIrJn,2,4,35,SIBERIAN
YByVo,2,0,11,MUNCHKIN
MIFsa,2,13,24,BRITISH
FiUAY,2,6,18,BRITISH
JvdEA,2,6,14,MUNCHKIN
vqNId,2,5,26,PERSIAN
fmbzH,2,12,36,BRITISH
RMFJF,2,10,14,MUNCHKIN
fjdqZ,2,13,20,SIBERIAN
dFxeZ,2,6,16,MUNCHKIN
John,2,6,10,MUNCHKIN
ZurBd,2,7,12,MUNCHKIN
BGsRW,2,8,29,MUNCHKIN
UpJsn,2,12,15,MUNCHKIN
FGzHf,2,8,29,MAINE_COON
qDOFj,2,13,19,SIBERIAN
JnKEz,2,0,39,SIBERIAN
JvsRQ,2,4,29,MAINE_COON
lSjYY,2,4,21,MUNCHKIN
John,2,10,29,PERSIAN
YzMuq,2,6,13,SIBERIAN
ePMqo,2,1,15,BRITISH
jcyTL,2,13,18,BRITISH
vUJIA,2,14,32,MUNCHKIN
lrNkq,2,8,14,BRITISH
Fkrce,2,1,28,MAINE_COON
iNajJ,2,12,37,MAINE_COON
EljCm,2,3,26,PERSIAN
qfgEp,2,12,23,MAINE_COON
DvEsT,2,14,35,MUNCHKIN
RcpKo,2,5,13,SIBERIAN
paJUq,2,8,19,MUNCHKIN
BViwN,2,8,25,MAINE_COON
bgJUJ,2,9,23,BRITISH
HRsdM,2,1,31,SIBERIAN
mlDnR,2,8,32,MAINE_COON
DmPfQ,2,3,24,SIBERIAN
mhzso,2,7,30,MAINE_COON
qwjRK,2,4,15,PERSIAN
wlsXd,2,9,37,PERSIAN
bjZcZ,2,3,26,PERSIAN
Wsyon,2,3,15,PERSIAN
MnPZY,2,12,25,MAINE_COON
EaugW,2,5,11,BRITISH
fBHAS,2,2,39,PERSIAN
PuDUa,2,1,27,MUNCHKIN
LcHHk,2,9,22,BRITISH
QcKkN,2,8,20,SIBERIAN
KFMwT,3,3,20,MAINE_COON
tdzHm,3,4,21,MUNCHKIN
wrsOd,3,3,38,SIBERIAN
ZMLBh,3,9,38,MAINE_COON
wejJU,3,4,10,MUNCHKIN
hJkof,3,10,37,MUNCHKIN
TgrQR,3,14,16,BRITISH
JstKc,3,11,36,BRITISH
NqUKF,3,1,12,MUNCHKIN
DgDSK,3,11,10,MAINE_COON
rNsDi,3,13,22,PERSIAN
nKYYm,3,13,13,MAINE_COON
nOhly,3,9,13,BRITISH
EnXnE,3,11,30,MAINE_COON
fAklk,3,9,14,BRITISH
ZlQoU,3,0,12,PERSIAN
RPUsi,3,6,22,MUNCHKIN
bsVKc,3,7,14,SIBERIAN
John,3,7,12,BRITISH
hUagh,3,5,33,PERSIAN
Sam,3,12,13,MUNCHKIN
FReVa,3,4,28,SIBERIAN
caqvN,3,5,26,MUNCHKIN
MLhzc,3,12,13,SIBERIAN
gLJum,3,6,26,BRITISH
nKwmF,3,7,22,SIBERIAN
karXc,3,8,13,BRITISH
tebVU,3,14,25,BRITISH
yfksH,3,6,13,PERSIAN
Xkvpn,3,6,19,SIBERIAN
tHULl,3,2,37,BRITISH
pQEDT,3,1,20,SIBERIAN
RqhQx,3,8,13,MAINE_COON
MeCnY,3,0,15,MAINE_COON
rDafP,3,8,33,BRITISH
lJiXX,3,13,15,MUNCHKIN
aIbpv,3,14,39,MAINE_COON
VcYgH,3,2,19,MUNCHKIN
CzeMT,3,1,17,MUNCHKIN
PBVkp,3,7,18,MUNCHKIN
Uhwom,3,11,31,MAINE_COON
OwdJP,3,6,11,PERSIAN
EVWDs,3,1,16,MUNCHKIN
pczbN,3,7,32,MAINE_COON
VrZid,3,9,26,MUNCHKIN
LRrrM,3,13,12,BRITISH
ajCTm,3,7,26,PERSIAN
uTEnW,3,0,32,MAINE_COON
ispsJ,3,8,11,BRITISH
ZFQZd,3,0,17,PERSIAN
yJqry,3,4,20,SIBERIAN
TqTjv,3,13,35,PERSIAN
CyDXv,3,13,38,MAINE_COON
NCuKC,3,14,30,MAINE_COON
ibEtO,3,11,21,PERSIAN
kERLj,3,3,24,MAINE_COON
qmIJZ,3,10,19,MUNCHKIN
nzSAC,3,11,14,PERSIAN
sJIva,3,12,19,PERSIAN
jvtmd,3,8,19,BRITISH
BUTIL,3,8,13,MUNCHKIN
eCIjB,3,8,39,MUNCHKIN
EBnFS,4,0,30,MUNCHKIN
kaucS,4,8,30,SIBERIAN
hPlPl,4,5,35,PERSIAN
twOlI,4,8,13,PERSIAN
TrsqW,4,9,23,MAINE_COON
nEtXN,4,9,35,SIBERIAN
beijF,4,8,10,PERSIAN
tKfUt,4,14,34,MUNCHKIN
EQjEO,4,11,29,SIBERIAN
DIuDI,4,14,21,PERSIAN
zOyVZ,4,0,30,MUNCHKIN
Jiagk,4,1,35,PERSIAN
wphsz,4,12,16,PERSIAN
MKebI,4,13,37,BRITISH
gdwjM,4,8,23,SIBERIAN
BKBCT,4,2,10,PERSIAN
IpknM,4,1,24,MUNCHKIN
fFMbU,4,10,34,BRITISH
gwvvv,4,13,18,MUNCHKIN
GffYh,4,7,39,BRITISH
uPRhc,4,0,23,SIBERIAN
sHgiI,4,0,29,SIBERIAN
dtrOF,4,7,27,SIBERIAN
RElLs,4,12,17,MAINE_COON
Rnglv,4,13,28,MUNCHKIN
KMRzT,4,5,15,SIBERIAN
BJLZn,4,5,18,MUNCHKIN
JcBeH,4,3,27,MUNCHKIN
GxSAA,4,8,39,MUNCHKIN
hGpkU,4,6,29,BRITISH
kwtxR,4,10,15,MUNCHKIN
SmUhN,4,6,33,SIBERIAN
MixRe,4,5,35,MAINE_COON
vPTmG,4,0,18,MAINE_COON
OJWAg,4,10,34,BRITISH
CgZcJ,4,2,19,MUNCHKIN
rNsNk,4,0,31,MUNCHKIN
FQhIp,4,14,16,PERSIAN
mPTId,4,0,15,MAINE_COON
AFQHc,4,7,31,SIBERIAN
gNQJp,4,13,37,MUNCHKIN
BLRyy,4,11,16,MUNCHKIN
jiSDR,4,4,21,MUNCHKIN
INLBX,4,14,36,PERSIAN
kiZNc,4,12,27,MAINE_COON
cqxsi,4,13,36,PERSIAN
RkMJv,4,9,39,MAINE_COON
yzkIc,4,14,30,BRITISH
YCkPF,4,8,37,SIBERIAN
Qpqpe,4,4,33,MUNCHKIN
UEbmX,4,0,35,BRITISH
ouWGd,4,5,34,PERSIAN
suJCy,4,3,23,PERSIAN
XoGpj,4,8,26,SIBERIAN
iOfii,4,4,13,MUNCHKIN
CYqbB,4,10,19,SIBERIAN
bGDSP,4,13,12,MAINE_COON
Ptrzl,4,2,31,MUNCHKIN
OkNLl,4,2,19,PERSIAN
UgIZe,4,10,18,MUNCHKIN
vXZPd,4,8,27,MUNCHKIN
jHTZe,4,7,27,MUNCHKIN
PKVSV,4,0,38,SIBERIAN
tfnrI,4,11,39,PERSIAN
loREU,4,3,10,SIBERIAN
OUeVd,4,0,24,SIBERIAN
yHHAi,4,12,37,MAINE_COON
Rqkyv,4,13,10,BRITISH
Dyxmu,4,12,23,MAINE_COON
JUDao,4,10,25,MUNCHKIN
AVzCr,4,5,39,MUNCHKIN
Sam,5,2,19,SIBERIAN
gWtrP,5,13,17,MAINE_COON
bxyZW,5,5,10,MUNCHKIN
MRXrh,5,1,30,BRITISH
MIgZP,5,8,35,MUNCHKIN
sooJi,5,1,32,BRITISH
ZzqfQ,5,3,39,SIBERIAN
QHvVq,5,8,20,MUNCHKIN
Sam,5,12,23,SIBERIAN
tdlSY,5,0,25,PERSIAN
gtkPz,5,1,12,BRITISH
srkya,5,4,35,PERSIAN
fFJOW,5,11,33,MAINE_COON
ybogZ,5,11,20,BRITISH
VdFSZ,5,0,10,MAINE_COON
DtGUs,5,0,38,MUNCHKIN
NSuGH,5,0,14,PERSIAN
fUuyv,5,6,35,MUNCHKIN
NWnZK,5,5,13,MUNCHKIN
TqmYc,5,7,32,SIBERIAN
iYYeK,5,14,29,MAINE_COON
iRBFo,5,2,10,MUNCHKIN
OcfHv,5,14,24,PERSIAN
iMnwy,5,7,15,PERSIAN
sRZzz,5,1,10,MAINE_COON
HHWmH,5,13,30,MUNCHKIN
fKikG,5,3,29,MAINE_COON
IpMHS,5,12,19,PERSIAN
gmDmR,5,12,28,BRITISH
WalAf,5,13,14,BRITISH
YALbJ,5,2,20,MAINE_COON
guZjv,5,5,28,BRITISH
PPEwI,5,14,10,MUNCHKIN
vwIhl,5,9,21,MUNCHKIN
pjDGM,5,11,23,MUNCHKIN
UZzgG,5,14,35,PERSIAN
lYUSk,5,7,36,PERSIAN
tMYOM,5,4,22,MAINE_COON
usRMY,5,6,32,MAINE_COON
rrXfV,5,12,12,BRITISH
ZZqCm,5,2,27,MAINE_COON
IwvOj,5,11,21,BRITISH
ooEdh,5,6,22,PERSIAN
ezPhd,5,8,16,MUNCHKIN
CzsAW,5,8,23,MAINE_COON
NBfTs,5,7,29,SIBERIAN
JYrIh,5,2,10,SIBERIAN
AzKcn,5,2,20,PERSIAN
xbNcZ,5,13,18,MAINE_COON
RqykP,5,13,13,BRITISH
xOPtO,5,14,16,SIBERIAN
rnGpw,5,3,16,BRITISH
mMAjz,5,3,17,MUNCHKIN
qhIhw,5,0,19,BRITISH
FFKAY,5,14,15,MUNCHKIN
CmPTy,5,14,20,BRITISH
MWUvR,5,11,19,MAINE_COON
LSdwD,5,12,37,MUNCHKIN
zCUAl,5,3,24,SIBERIAN
jRXSA,5,4,17,SIBERIAN
Tkarr,5,7,16,PERSIAN
NxwPL,5,9,18,BRITISH
csTFn,5,0,39,MUNCHKIN
hPsLK,5,0,26,MAINE_COON
pZxgR,5,6,29,BRITISH
MtYfu,5,3,29,BRITISH
NPKwy,5,12,14,MAINE_COON
lanfQ,5,9,28,BRITISH
YxHmk,6,11,18,MUNCHKIN
mWUjU,6,14,28,SIBERIAN
cVBTK,6,9,25,BRITISH
jCFSP,6,2,36,MAINE_COON
XovFi,6,4,35,BRITISH
xYOaU,6,3,29,MUNCHKIN
Cxzxf,6,6,23,SIBERIAN
jfQei,6,0,21,SIBERIAN
iHVio,6,10,13,BRITISH
FZowc,6,11,24,BRITISH
wbVHb,6,9,14,PERSIAN
bgSzr,6,13,17,BRITISH
orcVE,6,5,16,MUNCHKIN
Gdmny,6,7,17,MAINE_COON
ojwGW,6,3,33,MUNCHKIN
omuDA,6,12,30,MAINE_COON
koDiL,6,9,12,BRITISH
DsMwB,6,11,39,SIBERIAN
wVYLl,6,3,37,BRITISH
fFsBU,6,4,36,SIBERIAN
wROlp,6,6,23,BRITISH
Zcoye,6,4,31,MAINE_COON
zWcsZ,6,2,33,BRITISH
qzKfa,6,8,34,PERSIAN
RLOcr,6,10,20,PERSIAN
KHHXa,6,14,21,PERSIAN
BRQGI,6,6,24,MUNCHKIN
yUnDU,6,6,21,MUNCHKIN
EfhLX,6,8,25,PERSIAN
evaki,6,3,32,BRITISH
YtLRQ,6,7,17,PERSIAN
Wmubb,6,0,18,MUNCHKIN
JeKrO,6,5,37,MAINE_COON
FpqDm,6,5,38,SIBERIAN
lKUWo,6,11,27,MUNCHKIN
HcDAV,6,6,36,SIBERIAN
XYzWQ,6,5,14,BRITISH
QUgrp,6,5,21,MUNCHKIN
BXLDm,6,5,14,PERSIAN
AgmSh,6,3,35,SIBERIAN
QaRJx,6,9,10,SIBERIAN
kGBoM,6,11,16,MUNCHKIN
WiPth,6,10,18,SIBERIAN
LShLL,6,14,36,PERSIAN
zcVzB,6,5,24,PERSIAN
tuUzw,6,1,11,BRITISH
YeUzK,6,12,39,MUNCHKIN
zRykL,6,7,17,MUNCHKIN
pjvtn,6,1,33,PERSIAN
SPEIU,6,14,25,SIBERIAN
ppSkD,6,4,12,MUNCHKIN
bsMPz,6,0,33,PERSIAN
IWnNp,6,5,27,MUNCHKIN
gIlYv,6,13,22,MUNCHKIN
kwXOX,6,3,36,BRITISH
uaEZV,6,11,17,MUNCHKIN
htZyG,6,9,35,SIBERIAN
BNeeI,6,14,23,BRITISH
jZTHz,6,7,26,BRITISH
OJjQg,6,9,27,SIBERIAN
XeQFh,7,6,23,MAINE_COON
hicaU,7,9,13,MAINE_COON
IieIe,7,4,12,BRITISH
whjxd,7,1,24,BRITISH
RBzje,7,1,23,PERSIAN
NtJTH,7,12,13,PERSIAN
iktCb,7,0,13,SIBERIAN
NaLYF,7,5,13,PERSIAN
WiYTW,7,2,32,BRITISH
RExCF,7,10,30,MUNCHKIN
vIQgv,7,9,37,MUNCHKIN
dbOAT,7,3,25,MAINE_COON
zMwNw,7,13,14,BRITISH
mvZbc,7,0,27,MAINE_COON
Rwqxh,7,0,10,MAINE_COON
RvpIQ,7,2,32,SIBERIAN
CUZrX,7,14,12,PERSIAN
WrrLl,7,4,14,MAINE_COON
vhujD,7,4,23,PERSIAN
IovPI,7,14,18,MAINE_COON
hbSHi,7,4,34,PERSIAN
bFvKS,7,5,25,BRITISH
ZKrkJ,7,14,26,MAINE_COON
bFIIs,7,9,28,MAINE_COON
Osiep,7,11,35,BRITISH
wlpxa,7,1,12,PERSIAN
RgsPt,7,10,13,BRITISH
cVIDR,7,14,34,MUNCHKIN
Cfnpj,7,4,38,BRITISH
OplIZ,7,14,14,MAINE_COON
zJFwm,7,10,14,PERSIAN
YKPSB,7,6,34,BRITISH
AfBWL,7,12,33,BRITISH
hoblO,7,6,12,SIBERIAN
Sdukv,7,10,34,MAINE_COON
hLUjH,7,9,13,MUNCHKIN
yxjrg,7,3,23,MAINE_COON
CsRAu,7,0,20,BRITISH
auVeK,7,0,27,BRITISH
ykoYl,7,9,17,SIBERIAN
MMJqT,7,9,16,BRITISH
nprRm,7,12,16,MAINE_COON
wFAdY,7,4,31,PERSIAN
Tssya,7,1,10,PERSIAN
cvgkL,7,5,19,MAINE_COON
yEWxi,7,11,14,SIBERIAN
TAImG,7,7,39,BRITISH
JpoBv,7,4,27,SIBERIAN
Qlvgu,7,14,27,MAINE_COON
WaNjE,7,9,37,MUNCHKIN
DrhGw,7,5,21,BRITISH
TIriD,7,11,25,MUNCHKIN
UHlWD,7,0,36,BRITISH
John,8,6,23,MAINE_COON
IukiK,8,10,13,PERSIAN
HpzYn,8,7,27,PERSIAN
GWwgg,8,4,19,PERSIAN
jMeAs,8,12,11,MAINE_COON
tHqID,8,9,31,PERSIAN
TSGhk,8,14,23,MAINE_COON
JhAry,8,11,30,MUNCHKIN
qLPQD,8,6,17,BRITISH
jCliR,8,8,37,MUNCHKIN
gUJcE,8,14,11,SIBERIAN
Crwru,8,13,23,MUNCHKIN
mpThC,8,12,11,MAINE_COON
weiUk,8,0,13,MAINE_COON
FGAfl,8,11,35,SIBERIAN
gmPQQ,8,4,30,BRITISH
hkmwq,8,1,24,MAINE_COON
SxRBj,8,14,21,PERSIAN
bJxaT,8,11,12,SIBERIAN
QDgms,8,14,12,MUNCHKIN
cBlJG,8,1,23,MUNCHKIN
Dmozv,8,14,27,BRITISH
uzlDZ,8,4,10,PERSIAN
fNJfb,8,11,19,BRITISH
eJDqw,8,10,12,BRITISH
ttXZJ,8,4,14,MAINE_COON
BFoyy,8,7,14,BRITISH
UdLdk,8,13,37,MAINE_COON
KrxKu,8,4,29,SIBERIAN
XlqgS,8,10,13,BRITISH
VqvpH,8,1,10,MAINE_COON
QMleM,8,0,12,PERSIAN
JdVkH,8,3,10,MAINE_COON
ScZWo,8,3,16,SIBERIAN
XQRlP,8,6,37,BRITISH
CDyCJ,8,3,27,MUNCHKIN
fDCYw,8,14,29,BRITISH
ympDb,8,0,28,MUNCHKIN
mMhFW,8,6,15,MUNCHKIN
jwUar,8,7,25,SIBERIAN
vTQmN,8,3,12,BRITISH
ivoVC,8,0,11,PERSIAN
hGLLb,8,13,16,MAINE_COON
UTAqe,8,12,23,MUNCHKIN
VYLzD,8,5,36,PERSIAN
OHnLP,8,4,17,MUNCHKIN
HROQa,8,0,31,SIBERIAN
JQonj,8,10,33,PERSIAN
akIyD,8,6,31,PERSIAN
ZMwdm,8,3,19,SIBERIAN
EXsmI,8,1,38,MUNCHKIN
MRmBQ,8,3,25,BRITISH
uCnae,8,0,13,MAINE_COON
dmTjr,8,7,27,SIBERIAN
pxOYa,8,1,30,PERSIAN
UgJqX,8,7,36,PERSIAN
mxPWw,8,8,22,SIBERIAN
iPDuP,8,6,19,MAINE_COON
Phnmy,8,14,19,PERSIAN
FfJli,8,3,35,SIBERIAN
QHLgw,8,11,34,MAINE_COON
TOnGN,8,3,12,BRITISH
Ncssi,8,14,12,PERSIAN
uoHNX,8,7,38,BRITISH
JiSid,9,3,31,BRITISH
HqThL,9,8,34,PERSIAN
JiGMn,9,0,38,MAINE_COON
XlGFS,9,3,32,SIBERIAN
uMXzM,9,4,18,MAINE_COON
GwVMb,9,12,33,MAINE_COON
QBdnk,9,12,26,PERSIAN
gjuYg,9,14,37,MUNCHKIN
neaRj,9,5,12,PERSIAN
QZNLh,9,2,30,MUNCHKIN
GTTVh,9,13,22,BRITISH
jTGWd,9,3,30,BRITISH
tBHIr,9,13,39,MAINE_COON
klPvg,9,7,22,SIBERIAN
OjOVb,9,6,28,SIBERIAN
Sam,9,3,12,BRITISH
VBHcN,9,9,35,PERSIAN
mHcMt,9,12,23,SIBERIAN
ZTDjV,9,8,16,MAINE_COON
cRBgW,9,2,25,PERSIAN
PMQcl,9,0,13,MUNCHKIN
kelDT,9,5,21,MAINE_COON
ZmBSS,9,6,19,PERSIAN
oWWSQ,9,0,37,MAINE_COON
NgjqK,9,3,21,BRITISH
TbgQb,9,6,12,MAINE_COON
fooGA,9,8,18,MUNCHKIN
dvjro,9,2,22,BRITISH
LkkOi,9,9,35,MUNCHKIN
jQXdJ,9,12,35,MUNCHKIN
vhouL,9,11,24,MUNCHKIN
WgqMM,9,0,10,MUNCHKIN
HuUcv,9,10,29,SIBERIAN
BHRVw,9,3,25,PERSIAN
OnutL,9,10,29,SIBERIAN
dNORC,9,1,23,PERSIAN
GVLbk,9,5,14,MUNCHKIN
kFjND,9,1,18,SIBERIAN
zFrba,9,11,29,MAINE_COON
uLeEO,9,1,33,MAINE_COON
BEIxc,9,8,12,BRITISH
BOSDi,9,0,26,BRITISH
Umvgj,9,8,35,MUNCHKIN
WBXEA,9,7,27,PERSIAN
pBMSu,9,0,36,PERSIAN
iEQZC,9,2,27,PERSIAN
FgbOd,9,2,25,MAINE_COON
obwvR,9,6,21,SIBERIAN
ScKda,9,8,38,MAINE_COON
fSBGR,9,9,36,PERSIAN
gYHZY,9,12,20,MAINE_COON
jQxmr,9,14,29,SIBERIAN
Lspwq,9,4,11,PERSIAN
STFQR,9,6,33,SIBERIAN
XFRwC,9,11,27,PERSIAN
XuUeE,9,3,14,MUNCHKIN
kwEam,9,8,12,SIBERIAN
Ovzaz,9,14,15,MUNCHKIN
wOjAH,9,7,19,SIBERIAN
nVrsU,9,1,36,SIBERIAN
YXZgc,9,7,34,MAINE_COON
kwOqe,9,5,22,PERSIAN
kTFls,9,7,27,MAINE_COON
ekhwj,9,13,11,MAINE_COON
FkSoh,9,4,27,SIBERIAN
oOIke,9,12,27,PERSIAN
NlaVU,9,8,13,MAINE_COON
yLRbR,9,5,33,SIBERIAN
owKIm,9,9,28,SIBERIAN
DIoDc,9,3,18,MUNCHKIN
gKVJE,9,9,15,PERSIAN
OQXRG,9,11,25,MAINE_COON
mjufn,9,8,24,SIBERIAN
EaXqa,10,4,11,MAINE_COON
iQQjl,10,0,18,BRITISH
rDyzb,10,12,31,PERSIAN
tvwdU,10,13,11,MAINE_COON
uDFCv,10,8,16,SIBERIAN
eXCSG,10,0,26,PERSIAN
WzCQE,10,10,29,MAINE_COON
zOIvj,10,9,16,SIBERIAN
EUqTO,10,11,30,PERSIAN
mZmag,10,14,26,SIBERIAN
EnmGV,10,11,20,SIBERIAN
eoqUw,10,4,23,MAINE_COON
MzOzx,10,7,28,MAINE_COON
Vxrbi,10,14,29,MAINE_COON
XKJmn,10,12,38,SIBERIAN
TbJUD,10,0,25,BRITISH
zOlhH,10,3,34,MAINE_COON
dnrjE,10,8,32,MAINE_COON
ixYOv,10,2,33,SIBERIAN
PAiwP,10,12,26,BRITISH
AobBk,10,1,21,SIBERIAN
MIcyU,10,5,39,PERSIAN
IVWeN,10,8,24,MUNCHKIN
BYMNj,10,1,38,MAINE_COON
XLqSQ,10,11,32,SIBERIAN
UvSxY,10,12,15,MAINE_COON
HLINk,10,6,10,SIBERIAN
hgstE,10,4,18,SIBERIAN
mqNDy,10,0,22,BRITISH
gVhEh,10,13,33,SIBERIAN
SgYZy,10,8,36,MAINE_COON
NUBlc,10,7,22,MAINE_COON
DhosU,10,7,34,SIBERIAN
UEHBd,10,4,13,SIBERIAN
VkHct,10,1,26,SIBERIAN
Drdel,10,4,23,PERSIAN
Znqxq,10,7,17,BRITISH
niPQX,10,7,25,MUNCHKIN
Bzdrl,10,14,31,MUNCHKIN
Scpie,10,10,12,MAINE_COON
cijMP,10,14,16,MAINE_COON
dhIxZ,10,5,24,SIBERIAN
YTrVf,10,5,35,BRITISH
tEeGd,10,11,26,MUNCHKIN
ypEnq,10,6,15,MUNCHKIN
sTTTS,10,10,13,PERSIAN
AwtXw,10,7,15,BRITISH
nkJfd,10,3,19,SIBERIAN
FhlPH,10,5,35,MUNCHKIN
AJRfw,10,12,29,MAINE_COON
AKAKQ,10,7,26,PERSIAN
ZBlOm,10,2,32,MAINE_COON
RsTHX,10,10,23,MAINE_COON
VcCsN,10,1,38,MAINE_COON
KvBPX,10,1,33,MUNCHKIN
UjTZO,10,7,25,MAINE_COON
ORJUM,10,2,23,MAINE_COON
TkvEG,10,13,19,MUNCHKIN
gBTLh,10,4,29,SIBERIAN
CRKlQ,10,11,22,SIBERIAN
CeziT,10,13,16,MUNCHKIN
BsBNW,11,8,16,BRITISH
dJyMp,11,4,21,MUNCHKIN
wcpAM,11,11,14,MUNCHKIN
dgrxB,11,11,38,MUNCHKIN
tXjxI,11,3,27,MUNCHKIN
OwTZE,11,13,24,MAINE_COON
ldyJz,11,8,35,PERSIAN
iZkum,11,9,10,SIBERIAN
John,11,12,21,MUNCHKIN
qfcpU,11,4,22,MAINE_COON
tZnCG,11,13,21,MAINE_COON
xaRgf,11,0,25,BRITISH
nlFiS,11,8,12,MAINE_COON
kKCne,11,13,35,MAINE_COON
QwiTL,11,6,14,PERSIAN
QWyOB,11,2,27,MAINE_COON
SzayK,11,8,18,BRITISH
SWQQC,11,0,20,PERSIAN
XjHbI,11,2,37,SIBERIAN
ASLIa,11,10,35,PERSIAN
DGgEW,11,8,12,MUNCHKIN
dyMOG,11,8,36,SIBERIAN
NOWQl,11,8,33,BRITISH
wHMTP,11,7,29,PERSIAN
John,11,4,24,SIBERIAN
QywAA,11,11,35,PERSIAN
HzEvy,11,7,14,MAINE_COON
Izqov,11,7,39,MUNCHKIN
oZZer,11,9,11,PERSIAN
YOBUn,11,5,37,MAINE_COON
EDpGV,11,0,26,MAINE_COON
aGrOj,11,1,35,MAINE_COON
rEcph,11,4,28,MUNCHKIN
ouhpT,11,6,26,MAINE_COON
TsFMb,11,0,31,MAINE_COON
TuIWE,11,0,20,PERSIAN
FtkyM,11,4,22,MUNCHKIN
ybZhe,11,5,33,MUNCHKIN
cdCfV,11,11,17,MUNCHKIN
ApVNy,11,6,24,MUNCHKIN
ShPmY,11,7,31,MUNCHKIN
DMxnT,11,13,26,MUNCHKIN
prpfC,11,13,28,MAINE_COON
GyWft,11,13,12,BRITISH
Qzxxw,11,12,14,SIBERIAN
GWYdg,11,5,25,BRITISH
pimDz,11,13,35,SIBERIAN
orBNM,11,1,33,MUNCHKIN
zPATC,11,9,10,BRITISH
nZBHs,11,3,30,PERSIAN
bdfvq,11,3,11,MUNCHKIN
LCtWB,11,5,25,MAINE_COON
sfWiv,11,10,17,MUNCHKIN
IqlLr,11,13,29,MAINE_COON
PZfGu,11,2,17,BRITISH
Ipube,11,4,31,PERSIAN
XhoDI,11,5,25,MAINE_COON
WFnya,11,3,26,SIBERIAN
zedVd,11,8,22,BRITISH
fbZrJ,11,10,32,BRITISH
HVjhB,11,14,21,SIBERIAN
TOrEw,12,6,33,PERSIAN
idMbG,12,0,26,MAINE_COON
faulF,12,13,36,MAINE_COON
eDDHj,12,1,27,MAINE_COON
kxmiJ,12,13,28,SIBERIAN
GmeJV,12,0,18,SIBERIAN
XtjSm,12,3,15,BRITISH
JLdDS,12,9,17,SIBERIAN
aNBeB,12,9,15,MUNCHKIN
iKWwC,12,2,11,PERSIAN
zfbwl,12,2,27,PERSIAN
bBYoI,12,9,36,SIBERIAN
xzWMZ,12,9,39,MUNCHKIN
cXxWY,12,7,29,SIBERIAN
KbISl,12,7,36,BRITISH
KTmWE,12,14,39,SIBERIAN
qJqPt,12,14,25,PERSIAN
qwgSG,12,8,16,MAINE_COON
BforS,12,7,11,MUNCHKIN
AtRkW,12,7,13,PERSIAN
wcSRu,12,6,12,PERSIAN
haSLq,12,2,19,BRITISH
GFuIg,12,10,24,MAINE_COON
sccQK,12,8,30,MUNCHKIN
qKNfK,12,12,13,MAINE_COON
BvopQ,12,10,12,MAINE_COON
RwdMT,12,6,31,MAINE_COON
jUKTz,12,12,33,BRITISH
xcCpR,12,5,25,MAINE_COON
YDHeR,12,13,34,PERSIAN
XOsus,12,8,35,MUNCHKIN
RWBwL,12,6,11,MUNCHKIN
Sam,12,2,30,SIBERIAN
NxnfP,12,0,30,PERSIAN
svpnz,12,6,32,MUNCHKIN
nwBFU,12,4,29,MAINE_COON
DEbdR,12,1,16,BRITISH
mETVW,12,10,32,MUNCHKIN
KHMun,12,7,35,SIBERIAN
WCcPw,12,5,39,BRITISH
TIMcn,12,10,38,MUNCHKIN
XCoRe,12,1,24,BRITISH
elclo,12,1,35,MAINE_COON
jAKpm,12,3,25,MUNCHKIN
FiWTW,12,10,37,MAINE_COON
ENLCg,12,8,13,MUNCHKIN
miPMs,12,14,19,MAINE_COON
TukWK,12,3,27,MAINE_COON
Sam,12,12,27,BRITISH
iyxPW,12,1,35,SIBERIAN
ruifV,12,4,37,BRITISH
zVdpu,13,9,38,SIBERIAN
KABDP,13,13,30,PERSIAN
aBTuk,13,13,34,PERSIAN
DIwjk,13,3,13,SIBERIAN
lIDUW,13,6,19,SIBERIAN
XfGUf,13,12,22,BRITISH
jVKOM,13,2,20,MAINE_COON
John,13,5,21,MUNCHKIN
QIkIS,13,4,21,MUNCHKIN
qeclp,13,4,16,BRITISH
tGWax,13,10,29,PERSIAN
fjAEy,13,1,20,MUNCHKIN
zvnAJ,13,0,23,BRITISH
sBdKI,13,12,11,PERSIAN
oAvJV,13,2,23,SIBERIAN
eOMSH,13,3,19,MUNCHKIN
sFnrD,13,5,10,MUNCHKIN
owepc,13,6,29,MAINE_COON
rpFAN,13,9,32,PERSIAN
USqCg,13,2,28,PERSIAN
xCwTo,13,7,25,SIBERIAN
lWcvP,13,0,10,PERSIAN
PKbNn,13,7,37,MUNCHKIN
ASnsU,13,10,18,BRITISH
wzXcb,13,13,15,PERSIAN
Govln,13,10,12,MAINE_COON
uZoBo,13,13,30,BRITISH
EXqCj,13,9,10,PERSIAN
fJBXD,13,4,33,MAINE_COON
mJzqd,13,14,28,MUNCHKIN
dBiQN,13,12,25,BRITISH
UQSbR,13,14,28,MUNCHKIN
hbtGS,13,11,18,MAINE_COON
sNPtY,13,0,16,BRITISH
DbmVP,13,3,25,BRITISH
yHePa,13,8,27,BRITISH
anWHW,13,7,38,MAINE_COON
NwvIR,13,1,26,SIBERIAN
rdyWp,13,2,15,BRITISH
XoBrf,13,2,32,PERSIAN
HzbEL,13,11,21,BRITISH
uBVtd,13,3,10,MAINE_COON
aKATl,13,13,38,BRITISH
EiwhL,13,8,20,SIBERIAN
tyIXO,13,12,36,BRITISH
xptOH,13,12,26,SIBERIAN
hcPHz,13,13,21,PERSIAN
WgLMH,13,6,13,SIBERIAN
mcket,13,14,29,MAINE_COON
SCogV,13,14,32,MAINE_COON
dSAWN,13,8,24,BRITISH
OHDbI,13,4,35,PERSIAN
UnUrT,13,3,38,PERSIAN
MdxHY,13,0,36,BRITISH
EFfKe,13,12,17,SIBERIAN
JNAmr,13,13,35,MUNCHKIN
OhpGf,13,6,15,BRITISH
Sam,13,3,16,MUNCHKIN
SxDJI,13,6,11,MUNCHKIN
XugJr,13,13,31,MAINE_COON
SVUqP,13,10,36,BRITISH
vZkWm,13,3,23,PERSIAN
PaaiQ,13,5,33,BRITISH
bCbBw,13,2,28,SIBERIAN
lRmic,13,11,20,SIBERIAN
umBQA,13,12,14,SIBERIAN
KjlVy,13,4,32,MUNCHKIN
foTvR,13,6,28,MUNCHKIN
ZzyDZ,13,1,14,MUNCHKIN
zzPKt,13,8,35,MUNCHKIN
yMqjN,13,8,24,BRITISH
THGDG,13,7,11,MUNCHKIN
tMCLi,13,13,31,MAINE_COON
kLBIV,13,0,11,BRITISH
cPpHs,13,8,20,MAINE_COON
JdCwK,13,5,21,PERSIAN
wFbIc,13,0,36,BRITISH
svGyP,13,5,17,BRITISH
FROdn,13,11,16,SIBERIAN
ELptE,13,13,34,BRITISH
Sam,13,12,32,MAINE_COON
vgHQe,14,6,28,BRITISH
hGkpN,14,11,32,MAINE_COON
EEnpp,14,10,17,MAINE_COON
BvcwI,14,13,15,MAINE_COON
KpUKu,14,11,18,MAINE_COON
EqNFk,14,9,25,MUNCHKIN
wTZre,14,12,14,BRITISH
icvqN,14,4,21,PERSIAN
vdLnS,14,3,29,SIBERIAN
yGNVB,14,5,11,MUNCHKIN
JtJbs,14,2,36,SIBERIAN
zQwRF,14,3,10,MUNCHKIN
MDaHr,14,7,11,BRITISH
qbeoq,14,9,26,BRITISH
hVPCO,14,12,18,MUNCHKIN
riVdk,14,14,10,MAINE_COON
vkOYg,14,6,17,MAINE_COON
dirMz,14,6,23,PERSIAN
OutVX,14,9,18,PERSIAN
LjZKr,14,5,21,MAINE_COON
YzzMT,14,10,33,PERSIAN
cpmFp,14,0,11,BRITISH
mhMJJ,14,14,33,BRITISH
uyDHS,14,3,38,SIBERIAN
fmsSE,14,12,11,SIBERIAN
QgHGx,14,3,31,MUNCHKIN
dOEIk,14,13,15,PERSIAN
FgBhc,14,12,22,SIBERIAN
DfBuf,14,12,19,MAINE_COON
DsaIE,14,2,23,PERSIAN
TgCmg,14,7,39,MAINE_COON
John,14,0,17,BRITISH
PuqrX,14,13,38,MAINE_COON
ksGod,14,13,27,SIBERIAN
kvrBr,14,14,15,MUNCHKIN
aYoUK,14,11,20,BRITISH
RAjir,14,11,29,MUNCHKIN
hjpbc,14,13,14,MAINE_COON
Rthxq,14,8,31,PERSIAN
Uabco,14,3,29,PERSIAN
fsSQi,14,6,22,BRITISH
ZGbxF,14,11,19,MAINE_COON
UXIrE,14,8,28,BRITISH
KAkFi,14,4,21,SIBERIAN
csfRr,14,3,38,MAINE_COON
eBRqv,14,12,13,PERSIAN
RUXNm,14,5,26,MUNCHKIN
RCrls,14,8,17,MAINE_COON
TRiUa,14,12,21,PERSIAN
Sam,14,0,22,PERSIAN
gehUC,14,12,19,BRITISH
RdbFE,14,3,11,MUNCHKIN
NIRpc,14,8,33,PERSIAN
pezrc,14,9,11,BRITISH
AjXvA,14,11,33,MAINE_COON
nSoBL,14,1,18,BRITISH
FvnPy,14,14,22,SIBERIAN
NcKTo,14,11,14,SIBERIAN
BkHSh,14,2,18,PERSIAN
gFNWH,14,6,35,BRITISH
ReMWk,14,11,20,SIBERIAN
nTlKO,14,5,19,MUNCHKIN
HkWEn,14,0,32,PERSIAN
